"root_dir","p_index","mode","puckid","pinid","sample_name","wavelength","raster_vbeam","raster_hbeam","att_raster","hebi_att","exp_raster","dist_raster","loopsize","score_min","score_max","maxhits","total_osc","osc_width","ds_vbeam","ds_hbeam","exp_ds","dist_ds","dose_ds","offset_angle","reduced_fact","ntimes","meas_name","cry_min_size_um","cry_max_size_um","hel_full_osc","hel_part_osc","isSkip","isMount","isLoopCenter","isRaster","isDS","scan_height","scan_width","n_mount","nds_multi","nds_helical","nds_helpart","t_meas_start","t_mount_end","t_cent_start","t_cent_end","t_raster_start","t_raster_end","t_ds_start","t_ds_end","t_dismount_start","t_dismount_end","Resolution",
"/isilon/users/admin45/admin45/190619_BL45XU",1,"single","1396",12,"im_HE-L023",1,20,20,50,50,0.02,180,150,10,100,1,180,0.1,20,20,0.02,220,10,0,1,1,"normal_collection",20,20,40,60,0,0,0,0,0,0,0,0,0,"none","none","none","none","none","none","none","none","none","none","none","none",1.50,220
"/isilon/users/admin45/admin45/190619_BL45XU",1,"single","1396",13,"im_HE-L023",1,20,20,50,50,0.02,180,150,10,100,1,180,0.1,20,20,0.02,220,10,0,1,1,"normal_collection",20,20,40,60,0,0,0,0,0,0,0,0,0,"none","none","none","none","none","none","none","none","none","none","none","none",1.50,220
"/isilon/users/admin45/admin45/190619_BL45XU",1,"helical","1396",11,"im_HE-L023",1,20,20,50,50,0.02,180,150,10,100,1,180,0.1,20,20,0.02,220,10,0,1,1,"normal_collection",20,20,40,60,0,0,0,0,0,0,0,0,0,"none","none","none","none","none","none","none","none","none","none","none","none",1.50,220
"/isilon/users/admin45/admin45/190619_BL45XU",1,"helical","1396",1,"im_AP1-L114",1,20,20,50,50,0.02,180,250,10,100,1,180,0.1,20,20,0.02,220,10,0,1,1,"normal_collection",20,20,40,60,0,0,0,0,0,0,0,0,0,"none","none","none","none","none","none","none","none","none","none","none","none",1.30,220
"/isilon/users/admin45/admin45/190619_BL45XU",1,"single","1396",2,"im_AP1-L114",1,20,20,50,50,0.02,180,200,10,100,1,180,0.1,20,20,0.02,220,10,0,1,1,"normal_collection",20,20,40,60,0,0,0,0,0,0,0,0,0,"none","none","none","none","none","none","none","none","none","none","none","none",1.30,220
"/isilon/users/admin45/admin45/190619_BL45XU",1,"single","1396",4,"im_AP1-L114",1,20,20,50,50,0.02,180,150,10,100,1,180,0.1,20,20,0.02,220,10,0,1,1,"normal_collection",20,20,40,60,0,0,0,0,0,0,0,0,0,"none","none","none","none","none","none","none","none","none","none","none","none",1.30,220
"/isilon/users/admin45/admin45/190619_BL45XU",1,"single","1396",3,"im_AP1-L114",1,20,20,50,50,0.02,180,150,10,100,1,180,0.1,20,20,0.02,220,10,0,1,1,"normal_collection",20,20,40,60,0,0,0,0,0,0,0,0,0,"none","none","none","none","none","none","none","none","none","none","none","none",1.30,220
"/isilon/users/admin45/admin45/190619_BL45XU",1,"single","1396",7,"im_AP1-L115",1,20,20,50,50,0.02,180,200,10,100,1,180,0.1,20,20,0.02,220,10,0,1,1,"normal_collection",20,20,40,60,0,0,0,0,0,0,0,0,0,"none","none","none","none","none","none","none","none","none","none","none","none",1.30,220
"/isilon/users/admin45/admin45/190619_BL45XU",1,"helical","1396",8,"im_AP1-L115",1,20,20,50,50,0.02,180,200,10,100,1,180,0.1,20,20,0.02,220,10,0,1,1,"normal_collection",20,20,40,60,0,0,0,0,0,0,0,0,0,"none","none","none","none","none","none","none","none","none","none","none","none",1.30,220
"/isilon/users/admin45/admin45/190619_BL45XU",1,"single","1396",5,"im_AP1-L115",1,20,20,50,50,0.02,180,200,10,100,1,180,0.1,20,20,0.02,220,10,0,1,1,"normal_collection",20,20,40,60,0,0,0,0,0,0,0,0,0,"none","none","none","none","none","none","none","none","none","none","none","none",1.30,220
"/isilon/users/admin45/admin45/190619_BL45XU",1,"helical","1396",6,"im_AP1-L115",1,20,20,50,50,0.02,180,150,10,100,1,180,0.1,20,20,0.02,220,10,0,1,1,"normal_collection",20,20,40,60,0,0,0,0,0,0,0,0,0,"none","none","none","none","none","none","none","none","none","none","none","none",1.30,220
"/isilon/users/admin45/admin45/190619_BL45XU",1,"helical","1396",9,"im_AP1-L117",1,20,20,50,50,0.02,180,150,10,100,1,180,0.1,20,20,0.02,220,10,0,1,1,"normal_collection",20,20,40,60,0,0,0,0,0,0,0,0,0,"none","none","none","none","none","none","none","none","none","none","none","none",1.30,220
"/isilon/users/admin45/admin45/190619_BL45XU",1,"helical","1396",10,"im_AP1-L117",1,20,20,50,50,0.02,180,150,10,100,1,180,0.1,20,20,0.02,220,10,0,1,1,"normal_collection",20,20,40,60,0,0,0,0,0,0,0,0,0,"none","none","none","none","none","none","none","none","none","none","none","none",1.30,220
"/isilon/users/admin45/admin45/190619_BL45XU",1,"helical","2354",15,"TY_CPTL",1,20,20,50,50,0.02,180,350,10,100,1,180,0.1,20,20,0.02,220,10,0,1,1,"normal_collection",20,20,40,60,0,0,0,0,0,0,0,0,0,"none","none","none","none","none","none","none","none","none","none","none","none",1.50,220
"/isilon/users/admin45/admin45/190619_BL45XU",1,"multi_uniuni","1391",1,"SN_BR",1,20,20,50,50,0.02,180,150,10,100,20,180,0.1,20,20,0.02,500,10,0,1,1,"normal_collection",20,20,40,60,0,0,0,0,0,0,0,0,0,"none","none","none","none","none","none","none","none","none","none","none","none",2.50,500
"/isilon/users/admin45/admin45/190619_BL45XU",1,"multi_uniuni","1391",2,"SN_BR",1,20,20,50,50,0.02,180,150,10,100,20,180,0.1,20,20,0.02,500,10,0,1,1,"normal_collection",20,20,40,60,0,0,0,0,0,0,0,0,0,"none","none","none","none","none","none","none","none","none","none","none","none",2.50,500
"/isilon/users/admin45/admin45/190619_BL45XU",1,"multi_uniuni","1391",3,"SN_BR",1,20,20,50,50,0.02,180,400,10,100,20,180,0.1,20,20,0.02,500,10,0,1,1,"normal_collection",20,20,40,60,0,0,0,0,0,0,0,0,0,"none","none","none","none","none","none","none","none","none","none","none","none",2.50,500
"/isilon/users/admin45/admin45/190619_BL45XU",1,"multi_uniuni","1391",4,"SN_BR",1,20,20,50,50,0.02,180,400,10,100,20,180,0.1,20,20,0.02,500,10,0,1,1,"normal_collection",20,20,40,60,0,0,0,0,0,0,0,0,0,"none","none","none","none","none","none","none","none","none","none","none","none",2.50,500
"/isilon/users/admin45/admin45/190619_BL45XU",1,"multi_uniuni","1391",5,"SN_BR",1,20,20,50,50,0.02,180,100,10,100,20,180,0.1,20,20,0.02,500,10,0,1,1,"normal_collection",20,20,40,60,0,0,0,0,0,0,0,0,0,"none","none","none","none","none","none","none","none","none","none","none","none",2.50,500
"/isilon/users/admin45/admin45/190619_BL45XU",1,"multi_uniuni","1391",6,"SN_BR",1,20,20,50,50,0.02,180,100,10,100,20,180,0.1,20,20,0.02,500,10,0,1,1,"normal_collection",20,20,40,60,0,0,0,0,0,0,0,0,0,"none","none","none","none","none","none","none","none","none","none","none","none",2.50,500
"/isilon/users/admin45/admin45/190619_BL45XU",1,"single","2353",11,"SN_ST_1",1,20,20,50,50,0.02,180,100,10,100,1,180,0.1,20,20,0.02,500,10,0,1,1,"normal_collection",20,20,40,60,0,0,0,0,0,0,0,0,0,"none","none","none","none","none","none","none","none","none","none","none","none",2.50,500
"/isilon/users/admin45/admin45/190619_BL45XU",1,"single","2353",12,"SN_ST_1",1,20,20,50,50,0.02,180,50,10,100,1,180,0.1,20,20,0.02,500,10,0,1,1,"normal_collection",20,20,40,60,0,0,0,0,0,0,0,0,0,"none","none","none","none","none","none","none","none","none","none","none","none",2.50,500
"/isilon/users/admin45/admin45/190619_BL45XU",1,"single","2353",13,"SN_ST_1",1,20,20,50,50,0.02,180,50,10,100,1,180,0.1,20,20,0.02,500,10,0,1,1,"normal_collection",20,20,40,60,0,0,0,0,0,0,0,0,0,"none","none","none","none","none","none","none","none","none","none","none","none",2.50,500
"/isilon/users/admin45/admin45/190619_BL45XU",1,"single","2353",14,"SN_ST_1",1,20,20,50,50,0.02,180,100,10,100,1,180,0.1,20,20,0.02,500,10,0,1,1,"normal_collection",20,20,40,60,0,0,0,0,0,0,0,0,0,"none","none","none","none","none","none","none","none","none","none","none","none",2.50,500
"/isilon/users/admin45/admin45/190619_BL45XU",1,"helical","2353",1,"SN_ST_3",1,20,20,50,50,0.02,180,300,10,100,1,180,0.1,20,20,0.02,500,10,0,1,1,"normal_collection",20,20,40,60,0,0,0,0,0,0,0,0,0,"none","none","none","none","none","none","none","none","none","none","none","none",2.50,500
"/isilon/users/admin45/admin45/190619_BL45XU",1,"helical","2353",2,"SN_ST_4",1,20,20,50,50,0.02,180,200,10,100,1,180,0.1,20,20,0.02,500,10,0,1,1,"normal_collection",20,20,40,60,0,0,0,0,0,0,0,0,0,"none","none","none","none","none","none","none","none","none","none","none","none",2.50,500
"/isilon/users/admin45/admin45/190619_BL45XU",1,"multi","2353",15,"SN_ST_5",1,20,20,50,50,0.02,180,100,10,100,20,180,0.1,20,20,0.02,500,10,0,1,1,"normal_collection",20,20,40,60,0,0,0,0,0,0,0,0,0,"none","none","none","none","none","none","none","none","none","none","none","none",2.50,500
"/isilon/users/admin45/admin45/190619_BL45XU",1,"multi","1391",7,"SN_ST_2",1,20,20,50,50,0.02,180,100,10,100,20,180,0.1,20,20,0.02,500,10,0,1,1,"normal_collection",20,20,40,60,0,0,0,0,0,0,0,0,0,"none","none","none","none","none","none","none","none","none","none","none","none",2.50,500
"/isilon/users/admin45/admin45/190619_BL45XU",1,"helical","2353",6,"SN_CMT_L28_1",1,20,20,50,50,0.02,180,200,10,100,1,180,0.1,20,20,0.02,220,10,0,1,1,"normal_collection",20,20,40,60,0,0,0,0,0,0,0,0,0,"none","none","none","none","none","none","none","none","none","none","none","none",1.50,220
"/isilon/users/admin45/admin45/190619_BL45XU",1,"helical","2353",7,"SN_CMT_L28_2",1,20,20,50,50,0.02,180,200,10,100,1,180,0.1,20,20,0.02,220,10,0,1,1,"normal_collection",20,20,40,60,0,0,0,0,0,0,0,0,0,"none","none","none","none","none","none","none","none","none","none","none","none",1.50,220
"/isilon/users/admin45/admin45/190619_BL45XU",1,"helical","2353",8,"SN_CMT_L28_3",1,20,20,50,50,0.02,180,200,10,100,1,180,0.1,20,20,0.02,220,10,0,1,1,"normal_collection",20,20,40,60,0,0,0,0,0,0,0,0,0,"none","none","none","none","none","none","none","none","none","none","none","none",1.50,220
"/isilon/users/admin45/admin45/190619_BL45XU",1,"helical","2353",9,"SN_CMT_L28_4",1,20,20,50,50,0.02,180,100,10,100,1,180,0.1,20,20,0.02,220,10,0,1,1,"normal_collection",20,20,40,60,0,0,0,0,0,0,0,0,0,"none","none","none","none","none","none","none","none","none","none","none","none",1.50,220
"/isilon/users/admin45/admin45/190619_BL45XU",1,"helical","2354",7,"TY_KRw127",1,20,20,50,50,0.02,180,350,10,100,1,180,0.1,20,20,0.02,220,10,0,1,1,"normal_collection",20,20,40,60,0,0,0,0,0,0,0,0,0,"none","none","none","none","none","none","none","none","none","none","none","none",1.30,220
"/isilon/users/admin45/admin45/190619_BL45XU",1,"helical","2354",8,"TY_KRw127",1,20,20,50,50,0.02,180,350,10,100,5,180,0.1,20,20,0.02,220,10,0,1,1,"normal_collection",20,20,40,60,0,0,0,0,0,0,0,0,0,"none","none","none","none","none","none","none","none","none","none","none","none",1.30,220
"/isilon/users/admin45/admin45/190619_BL45XU",1,"helical","2354",9,"TY_KRw127",1,20,20,50,50,0.02,180,200,10,100,1,180,0.1,20,20,0.02,220,10,0,1,1,"normal_collection",20,20,40,60,0,0,0,0,0,0,0,0,0,"none","none","none","none","none","none","none","none","none","none","none","none",1.30,220
"/isilon/users/admin45/admin45/190619_BL45XU",1,"helical","2354",10,"TY_KRw127",1,20,20,50,50,0.02,180,200,10,100,1,180,0.1,20,20,0.02,220,10,0,1,1,"normal_collection",20,20,40,60,0,0,0,0,0,0,0,0,0,"none","none","none","none","none","none","none","none","none","none","none","none",1.30,220
"/isilon/users/admin45/admin45/190619_BL45XU",1,"helical","2354",11,"TY_KRw127",1,20,20,50,50,0.02,180,200,10,100,1,180,0.1,20,20,0.02,220,10,0,1,1,"normal_collection",20,20,40,60,0,0,0,0,0,0,0,0,0,"none","none","none","none","none","none","none","none","none","none","none","none",1.30,220
"/isilon/users/admin45/admin45/190619_BL45XU",1,"helical","2354",12,"TY_KRw127",1,20,20,50,50,0.02,180,200,10,100,1,180,0.1,20,20,0.02,220,10,0,1,1,"normal_collection",20,20,40,60,0,0,0,0,0,0,0,0,0,"none","none","none","none","none","none","none","none","none","none","none","none",1.30,220
"/isilon/users/admin45/admin45/190619_BL45XU",1,"helical","2354",13,"TY_KRw127",1,20,20,50,50,0.02,180,200,10,100,1,180,0.1,20,20,0.02,220,10,0,1,1,"normal_collection",20,20,40,60,0,0,0,0,0,0,0,0,0,"none","none","none","none","none","none","none","none","none","none","none","none",1.30,220
"/isilon/users/admin45/admin45/190619_BL45XU",1,"helical","2354",14,"TY_KRw127",1,20,20,50,50,0.02,180,200,10,100,1,180,0.1,20,20,0.02,220,10,0,1,1,"normal_collection",20,20,40,60,0,0,0,0,0,0,0,0,0,"none","none","none","none","none","none","none","none","none","none","none","none",1.30,220
"/isilon/users/admin45/admin45/190619_BL45XU",1,"single","2354",1,"TY_KRm127",1,20,20,50,50,0.02,180,100,10,100,1,180,0.1,20,20,0.02,220,10,0,1,1,"normal_collection",20,20,40,60,0,0,0,0,0,0,0,0,0,"none","none","none","none","none","none","none","none","none","none","none","none",1.30,220
"/isilon/users/admin45/admin45/190619_BL45XU",1,"helical","2354",2,"TY_KRm127",1,20,20,50,50,0.02,180,200,10,100,1,180,0.1,20,20,0.02,220,10,0,1,1,"normal_collection",20,20,40,60,0,0,0,0,0,0,0,0,0,"none","none","none","none","none","none","none","none","none","none","none","none",1.30,220
"/isilon/users/admin45/admin45/190619_BL45XU",1,"helical","2354",3,"TY_KRm127",1,20,20,50,50,0.02,180,200,10,100,1,180,0.1,20,20,0.02,220,10,0,1,1,"normal_collection",20,20,40,60,0,0,0,0,0,0,0,0,0,"none","none","none","none","none","none","none","none","none","none","none","none",1.30,220
"/isilon/users/admin45/admin45/190619_BL45XU",1,"single","2354",4,"TY_KRm127",1,20,20,50,50,0.02,180,100,10,100,1,180,0.1,20,20,0.02,220,10,0,1,1,"normal_collection",20,20,40,60,0,0,0,0,0,0,0,0,0,"none","none","none","none","none","none","none","none","none","none","none","none",1.30,220
"/isilon/users/admin45/admin45/190619_BL45XU",1,"helical","2354",5,"TY_KRm127",1,20,20,50,50,0.02,180,350,10,100,1,180,0.1,20,20,0.02,220,10,0,1,1,"normal_collection",20,20,40,60,0,0,0,0,0,0,0,0,0,"none","none","none","none","none","none","none","none","none","none","none","none",1.30,220
"/isilon/users/admin45/admin45/190619_BL45XU",1,"helical","2354",6,"TY_KRm127",1,20,20,50,50,0.02,180,350,10,100,1,180,0.1,20,20,0.02,220,10,0,1,1,"normal_collection",20,20,40,60,0,0,0,0,0,0,0,0,0,"none","none","none","none","none","none","none","none","none","none","none","none",1.30,220
"/isilon/users/admin45/admin45/190619_BL45XU",1,"helical","1392",13,"hk_ST_SIK_L019",1,20,20,50,50,0.02,180,200,10,100,1,180,0.1,20,20,0.02,430,10,0,1,1,"normal_collection",20,20,40,60,0,0,0,0,0,0,0,0,0,"none","none","none","none","none","none","none","none","none","none","none","none",2.30,430
"/isilon/users/admin45/admin45/190619_BL45XU",1,"helical","1392",14,"hk_ST_SIK_L019",1,20,20,50,50,0.02,180,200,10,100,1,180,0.1,20,20,0.02,430,10,0,1,1,"normal_collection",20,20,40,60,0,0,0,0,0,0,0,0,0,"none","none","none","none","none","none","none","none","none","none","none","none",2.30,430
"/isilon/users/admin45/admin45/190619_BL45XU",1,"helical","1392",15,"hk_ST_SIK_L019",1,20,20,50,50,0.02,180,200,10,100,1,180,0.1,20,20,0.02,430,10,0,1,1,"normal_collection",20,20,40,60,0,0,0,0,0,0,0,0,0,"none","none","none","none","none","none","none","none","none","none","none","none",2.30,430
"/isilon/users/admin45/admin45/190619_BL45XU",1,"helical","2355",14,"hk_ST_SIK_L019",1,20,20,50,50,0.02,180,200,10,100,1,180,0.1,20,20,0.02,430,10,0,1,1,"normal_collection",20,20,40,60,0,0,0,0,0,0,0,0,0,"none","none","none","none","none","none","none","none","none","none","none","none",2.30,430
"/isilon/users/admin45/admin45/190619_BL45XU",1,"helical","051",1,"hk_ST_SIK_L020",1,20,20,50,50,0.02,180,200,10,100,1,180,0.1,20,20,0.02,430,10,0,1,1,"normal_collection",20,20,40,60,0,0,0,0,0,0,0,0,0,"none","none","none","none","none","none","none","none","none","none","none","none",2.30,430
"/isilon/users/admin45/admin45/190619_BL45XU",1,"single","051",2,"hk_ST_SIK_L020",1,20,20,50,50,0.02,180,100,10,100,1,180,0.1,20,20,0.02,430,10,0,1,1,"normal_collection",20,20,40,60,0,0,0,0,0,0,0,0,0,"none","none","none","none","none","none","none","none","none","none","none","none",2.30,430
"/isilon/users/admin45/admin45/190619_BL45XU",1,"single","051",3,"hk_ST_SIK_L020",1,20,20,50,50,0.02,180,100,10,100,1,180,0.1,20,20,0.02,430,10,0,1,1,"normal_collection",20,20,40,60,0,0,0,0,0,0,0,0,0,"none","none","none","none","none","none","none","none","none","none","none","none",2.30,430
"/isilon/users/admin45/admin45/190619_BL45XU",1,"single","1392",3,"hk_ST_SIK_L020",1,20,20,50,50,0.02,180,100,10,100,1,180,0.1,20,20,0.02,430,10,0,1,1,"normal_collection",20,20,40,60,0,0,0,0,0,0,0,0,0,"none","none","none","none","none","none","none","none","none","none","none","none",2.30,430
"/isilon/users/admin45/admin45/190619_BL45XU",1,"helical","051",4,"hk_ST_SIK_L021",1,20,20,50,50,0.02,180,350,10,100,1,180,0.1,20,20,0.02,430,10,0,1,1,"normal_collection",20,20,40,60,0,0,0,0,0,0,0,0,0,"none","none","none","none","none","none","none","none","none","none","none","none",2.30,430
"/isilon/users/admin45/admin45/190619_BL45XU",1,"single","051",5,"hk_ST_SIK_L021",1,20,20,50,50,0.02,180,250,10,100,1,180,0.1,20,20,0.02,430,10,0,1,1,"normal_collection",20,20,40,60,0,0,0,0,0,0,0,0,0,"none","none","none","none","none","none","none","none","none","none","none","none",2.30,430
"/isilon/users/admin45/admin45/190619_BL45XU",1,"single","051",6,"hk_ST_SIK_L021",1,20,20,50,50,0.02,180,100,10,100,1,180,0.1,20,20,0.02,430,10,0,1,1,"normal_collection",20,20,40,60,0,0,0,0,0,0,0,0,0,"none","none","none","none","none","none","none","none","none","none","none","none",2.30,430
"/isilon/users/admin45/admin45/190619_BL45XU",1,"helical","051",7,"hk_ST_SIK_L021",1,20,20,50,50,0.02,180,350,10,100,1,180,0.1,20,20,0.02,430,10,0,1,1,"normal_collection",20,20,40,60,0,0,0,0,0,0,0,0,0,"none","none","none","none","none","none","none","none","none","none","none","none",2.30,430
"/isilon/users/admin45/admin45/190619_BL45XU",1,"helical","051",8,"hk_ST_SIK_L021",1,20,20,50,50,0.02,180,350,10,100,1,180,0.1,20,20,0.02,430,10,0,1,1,"normal_collection",20,20,40,60,0,0,0,0,0,0,0,0,0,"none","none","none","none","none","none","none","none","none","none","none","none",2.30,430
"/isilon/users/admin45/admin45/190619_BL45XU",1,"helical","1392",11,"hk_ST_SIK_L018",1,20,20,50,50,0.02,180,300,10,100,1,180,0.1,20,20,0.02,430,10,0,1,1,"normal_collection",20,20,40,60,0,0,0,0,0,0,0,0,0,"none","none","none","none","none","none","none","none","none","none","none","none",2.30,430
"/isilon/users/admin45/admin45/190619_BL45XU",1,"helical","1392",12,"hk_ST_SIK_L018",1,20,20,50,50,0.02,180,250,10,100,1,180,0.1,20,20,0.02,430,10,0,1,1,"normal_collection",20,20,40,60,0,0,0,0,0,0,0,0,0,"none","none","none","none","none","none","none","none","none","none","none","none",2.30,430
"/isilon/users/admin45/admin45/190619_BL45XU",1,"helical","1392",9,"hk_ST_SIK_L018",1,20,20,50,50,0.02,180,300,10,100,1,180,0.1,20,20,0.02,430,10,0,1,1,"normal_collection",20,20,40,60,0,0,0,0,0,0,0,0,0,"none","none","none","none","none","none","none","none","none","none","none","none",2.30,430
"/isilon/users/admin45/admin45/190619_BL45XU",1,"helical","1392",10,"hk_ST_SIK_L018",1,20,20,50,50,0.02,180,300,10,100,1,180,0.1,20,20,0.02,430,10,0,1,1,"normal_collection",20,20,40,60,0,0,0,0,0,0,0,0,0,"none","none","none","none","none","none","none","none","none","none","none","none",2.30,430
"/isilon/users/admin45/admin45/190619_BL45XU",1,"helical","2355",12,"hk_ST_SIK_L018",1,20,20,50,50,0.02,180,300,10,100,1,180,0.1,20,20,0.02,430,10,0,1,1,"normal_collection",20,20,40,60,0,0,0,0,0,0,0,0,0,"none","none","none","none","none","none","none","none","none","none","none","none",2.30,430
"/isilon/users/admin45/admin45/190619_BL45XU",1,"helical","2355",13,"hk_ST_SIK_L018",1,20,20,50,50,0.02,180,250,10,100,1,180,0.1,20,20,0.02,430,10,0,1,1,"normal_collection",20,20,40,60,0,0,0,0,0,0,0,0,0,"none","none","none","none","none","none","none","none","none","none","none","none",2.30,430
"/isilon/users/admin45/admin45/190619_BL45XU",1,"helical","1392",1,"hk_ST_SIK_L017",1,20,20,50,50,0.02,180,200,10,100,1,180,0.1,20,20,0.02,430,10,0,1,1,"normal_collection",20,20,40,60,0,0,0,0,0,0,0,0,0,"none","none","none","none","none","none","none","none","none","none","none","none",2.30,430
"/isilon/users/admin45/admin45/190619_BL45XU",1,"helical","1392",2,"hk_ST_SIK_L017",1,20,20,50,50,0.02,180,200,10,100,1,180,0.1,20,20,0.02,430,10,0,1,1,"normal_collection",20,20,40,60,0,0,0,0,0,0,0,0,0,"none","none","none","none","none","none","none","none","none","none","none","none",2.30,430
"/isilon/users/admin45/admin45/190619_BL45XU",1,"helical","051",13,"hk_ERMA_L011",1,20,20,50,50,0.02,180,200,10,100,1,180,0.1,20,20,0.02,380,10,0,1,1,"normal_collection",20,20,40,60,0,0,0,0,0,0,0,0,0,"none","none","none","none","none","none","none","none","none","none","none","none",2.00,380
"/isilon/users/admin45/admin45/190619_BL45XU",1,"helical","051",14,"hk_ERMA_L011",1,20,20,50,50,0.02,180,150,10,100,1,180,0.1,20,20,0.02,380,10,0,1,1,"normal_collection",20,20,40,60,0,0,0,0,0,0,0,0,0,"none","none","none","none","none","none","none","none","none","none","none","none",2.00,380
"/isilon/users/admin45/admin45/190619_BL45XU",1,"helical","051",15,"hk_ERMA_L011",1,20,20,50,50,0.02,180,100,10,100,1,180,0.1,20,20,0.02,380,10,0,1,1,"normal_collection",20,20,40,60,0,0,0,0,0,0,0,0,0,"none","none","none","none","none","none","none","none","none","none","none","none",2.00,380
"/isilon/users/admin45/admin45/190619_BL45XU",1,"helical","2355",15,"hk_ERMA_L011",1,20,20,50,50,0.02,180,150,10,100,1,180,0.1,20,20,0.02,380,10,0,1,1,"normal_collection",20,20,40,60,0,0,0,0,0,0,0,0,0,"none","none","none","none","none","none","none","none","none","none","none","none",2.00,380
"/isilon/users/admin45/admin45/190619_BL45XU",1,"single","1392",6,"hk_ERMA_L011",1,20,20,50,50,0.02,180,150,10,100,1,180,0.1,20,20,0.02,380,10,0,1,1,"normal_collection",20,20,40,60,0,0,0,0,0,0,0,0,0,"none","none","none","none","none","none","none","none","none","none","none","none",2.00,380
"/isilon/users/admin45/admin45/190619_BL45XU",1,"single","1392",7,"hk_ERMA_L011",1,20,20,50,50,0.02,180,100,10,100,1,180,0.1,20,20,0.02,380,10,0,1,1,"normal_collection",20,20,40,60,0,0,0,0,0,0,0,0,0,"none","none","none","none","none","none","none","none","none","none","none","none",2.00,380
"/isilon/users/admin45/admin45/190619_BL45XU",1,"single","1392",8,"hk_ERMA_L011",1,20,20,50,50,0.02,180,100,10,100,1,180,0.1,20,20,0.02,380,10,0,1,1,"normal_collection",20,20,40,60,0,0,0,0,0,0,0,0,0,"none","none","none","none","none","none","none","none","none","none","none","none",2.00,380
"/isilon/users/admin45/admin45/190619_BL45XU",1,"helical","2355",10,"im_EM08027048-2",1,20,20,50,50,0.02,180,150,10,100,1,180,0.1,20,20,0.02,430,10,0,1,1,"normal_collection",20,20,40,60,0,0,0,0,0,0,0,0,0,"none","none","none","none","none","none","none","none","none","none","none","none",2.50,430
"/isilon/users/admin45/admin45/190619_BL45XU",1,"helical","2355",11,"im_EM08027048-2",1,20,20,50,50,0.02,180,150,10,100,1,180,0.1,20,20,0.02,430,10,0,1,1,"normal_collection",20,20,40,60,0,0,0,0,0,0,0,0,0,"none","none","none","none","none","none","none","none","none","none","none","none",2.50,430
"/isilon/users/admin45/admin45/190619_BL45XU",1,"single","1396",15,"im_EM08011035",1,20,20,50,50,0.02,180,150,10,100,1,180,0.1,20,20,0.02,430,10,0,1,1,"normal_collection",20,20,40,60,0,0,0,0,0,0,0,0,0,"none","none","none","none","none","none","none","none","none","none","none","none",2.50,430
"/isilon/users/admin45/admin45/190619_BL45XU",1,"single","1396",14,"im_EM08011035",1,20,20,50,50,0.02,180,150,10,100,1,180,0.1,20,20,0.02,430,10,0,1,1,"normal_collection",20,20,40,60,0,0,0,0,0,0,0,0,0,"none","none","none","none","none","none","none","none","none","none","none","none",2.50,430
"/isilon/users/admin45/admin45/190619_BL45XU",1,"helical","2355",1,"im_EM08011035",1,20,20,50,50,0.02,180,150,10,100,1,180,0.1,20,20,0.02,430,10,0,1,1,"normal_collection",20,20,40,60,0,0,0,0,0,0,0,0,0,"none","none","none","none","none","none","none","none","none","none","none","none",2.50,430
"/isilon/users/admin45/admin45/190619_BL45XU",1,"helical","2355",2,"im_EM08011035",1,20,20,50,50,0.02,180,150,10,100,1,180,0.1,20,20,0.02,430,10,0,1,1,"normal_collection",20,20,40,60,0,0,0,0,0,0,0,0,0,"none","none","none","none","none","none","none","none","none","none","none","none",2.50,430
"/isilon/users/admin45/admin45/190619_BL45XU",1,"helical","2355",3,"im_EM08011035",1,20,20,50,50,0.02,180,150,10,100,1,180,0.1,20,20,0.02,430,10,0,1,1,"normal_collection",20,20,40,60,0,0,0,0,0,0,0,0,0,"none","none","none","none","none","none","none","none","none","none","none","none",2.50,430
"/isilon/users/admin45/admin45/190619_BL45XU",1,"helical","2355",5,"im_EM08011035",1,20,20,50,50,0.02,180,150,10,100,1,180,0.1,20,20,0.02,430,10,0,1,1,"normal_collection",20,20,40,60,0,0,0,0,0,0,0,0,0,"none","none","none","none","none","none","none","none","none","none","none","none",2.50,430
"/isilon/users/admin45/admin45/190619_BL45XU",1,"helical","2355",4,"im_EM08011035",1,20,20,50,50,0.02,180,150,10,100,1,180,0.1,20,20,0.02,430,10,0,1,1,"normal_collection",20,20,40,60,0,0,0,0,0,0,0,0,0,"none","none","none","none","none","none","none","none","none","none","none","none",2.50,430
"/isilon/users/admin45/admin45/190619_BL45XU",1,"helical","2355",8,"im_EM08027048",1,20,20,50,50,0.02,180,200,10,100,1,180,0.1,20,20,0.02,430,10,0,1,1,"normal_collection",20,20,40,60,0,0,0,0,0,0,0,0,0,"none","none","none","none","none","none","none","none","none","none","none","none",2.50,430
"/isilon/users/admin45/admin45/190619_BL45XU",1,"helical","2355",9,"im_EM08027048",1,20,20,50,50,0.02,180,150,10,100,1,180,0.1,20,20,0.02,430,10,0,1,1,"normal_collection",20,20,40,60,0,0,0,0,0,0,0,0,0,"none","none","none","none","none","none","none","none","none","none","none","none",2.50,430
"/isilon/users/admin45/admin45/190619_BL45XU",1,"helical","1394",8,"im_EM08027048",1,20,20,50,50,0.02,180,150,10,100,1,180,0.1,20,20,0.02,430,10,0,1,1,"normal_collection",20,20,40,60,0,0,0,0,0,0,0,0,0,"none","none","none","none","none","none","none","none","none","none","none","none",2.50,430
"/isilon/users/admin45/admin45/190619_BL45XU",1,"helical","1394",9,"im_EM08027048",1,20,20,50,50,0.02,180,150,10,100,1,180,0.1,20,20,0.02,430,10,0,1,1,"normal_collection",20,20,40,60,0,0,0,0,0,0,0,0,0,"none","none","none","none","none","none","none","none","none","none","none","none",2.50,430
"/isilon/users/admin45/admin45/190619_BL45XU",1,"helical","1394",4,"im_EM08027048",1,20,20,50,50,0.02,180,150,10,100,1,180,0.1,20,20,0.02,430,10,0,1,1,"normal_collection",20,20,40,60,0,0,0,0,0,0,0,0,0,"none","none","none","none","none","none","none","none","none","none","none","none",2.50,430
"/isilon/users/admin45/admin45/190619_BL45XU",1,"helical","1394",7,"im_EM08027048",1,20,20,50,50,0.02,180,150,10,100,1,180,0.1,20,20,0.02,430,10,0,1,1,"normal_collection",20,20,40,60,0,0,0,0,0,0,0,0,0,"none","none","none","none","none","none","none","none","none","none","none","none",2.50,430
"/isilon/users/admin45/admin45/190619_BL45XU",1,"helical","1394",6,"im_EM08027048",1,20,20,50,50,0.02,180,150,10,100,1,180,0.1,20,20,0.02,430,10,0,1,1,"normal_collection",20,20,40,60,0,0,0,0,0,0,0,0,0,"none","none","none","none","none","none","none","none","none","none","none","none",2.50,430
"/isilon/users/admin45/admin45/190619_BL45XU",1,"helical","1394",2,"im_EM08027048",1,20,20,50,50,0.02,180,150,10,100,1,180,0.1,20,20,0.02,430,10,0,1,1,"normal_collection",20,20,40,60,0,0,0,0,0,0,0,0,0,"none","none","none","none","none","none","none","none","none","none","none","none",2.50,430
"/isilon/users/admin45/admin45/190619_BL45XU",1,"helical","1394",5,"im_EM08027048",1,20,20,50,50,0.02,180,150,10,100,1,180,0.1,20,20,0.02,430,10,0,1,1,"normal_collection",20,20,40,60,0,0,0,0,0,0,0,0,0,"none","none","none","none","none","none","none","none","none","none","none","none",2.50,430
"/isilon/users/admin45/admin45/190619_BL45XU",1,"helical","1394",3,"im_EM08027048",1,20,20,50,50,0.02,180,150,10,100,1,180,0.1,20,20,0.02,430,10,0,1,1,"normal_collection",20,20,40,60,0,0,0,0,0,0,0,0,0,"none","none","none","none","none","none","none","none","none","none","none","none",2.50,430
"/isilon/users/admin45/admin45/190619_BL45XU",1,"helical","1394",1,"im_EM08027048",1,20,20,50,50,0.02,180,150,10,100,1,180,0.1,20,20,0.02,430,10,0,1,1,"normal_collection",20,20,40,60,0,0,0,0,0,0,0,0,0,"none","none","none","none","none","none","none","none","none","none","none","none",2.50,430
"/isilon/users/admin45/admin45/190619_BL45XU",1,"helical","2355",6,"im_EM010",1,20,20,50,50,0.02,180,350,10,100,1,180,0.1,20,20,0.02,430,10,0,1,1,"normal_collection",20,20,40,60,0,0,0,0,0,0,0,0,0,"none","none","none","none","none","none","none","none","none","none","none","none",2.50,430
"/isilon/users/admin45/admin45/190619_BL45XU",1,"single","2355",7,"im_EM030",1,20,20,50,50,0.02,180,150,10,100,1,180,0.1,20,20,0.02,430,10,0,1,1,"normal_collection",20,20,40,60,0,0,0,0,0,0,0,0,0,"none","none","none","none","none","none","none","none","none","none","none","none",2.50,430
"/isilon/users/admin45/admin45/190619_BL45XU",1,"single","1392",4,"hk_ST_SIK_L017",1,20,20,50,50,0.02,180,100,10,100,1,180,0.1,20,20,0.02,430,10,0,1,1,"normal_collection",20,20,40,60,0,0,0,0,0,0,0,0,0,"none","none","none","none","none","none","none","none","none","none","none","none",2.30,430
"/isilon/users/admin45/admin45/190619_BL45XU",1,"single","1392",5,"hk_ST_SIK_L017",1,20,20,50,50,0.02,180,100,10,100,1,180,0.1,20,20,0.02,430,10,0,1,1,"normal_collection",20,20,40,60,0,0,0,0,0,0,0,0,0,"none","none","none","none","none","none","none","none","none","none","none","none",2.30,430
"/isilon/users/admin45/admin45/190619_BL45XU",1,"single","051",9,"hk_06_Reg_L001",1,20,20,50,50,0.02,180,100,10,100,1,180,0.1,20,20,0.02,430,10,0,1,1,"normal_collection",20,20,40,60,0,0,0,0,0,0,0,0,0,"none","none","none","none","none","none","none","none","none","none","none","none",2.50,430
"/isilon/users/admin45/admin45/190619_BL45XU",1,"single","1394",15,"hk_07_ALK_L001_L002",1,20,20,50,50,0.02,180,100,10,100,1,180,0.1,20,20,0.02,430,10,0,1,1,"normal_collection",20,20,40,60,0,0,0,0,0,0,0,0,0,"none","none","none","none","none","none","none","none","none","none","none","none",2.50,430
"/isilon/users/admin45/admin45/190619_BL45XU",1,"helical","051",10,"hk_MA_H117L044_EpC_MTA",1,20,20,50,50,0.02,180,150,10,100,1,180,0.1,20,20,0.02,430,10,0,1,1,"normal_collection",20,20,40,60,0,0,0,0,0,0,0,0,0,"none","none","none","none","none","none","none","none","none","none","none","none",2.50,430
"/isilon/users/admin45/admin45/190619_BL45XU",1,"helical","051",11,"hk_MA_H117L044_EpC_MTA",1,20,20,50,50,0.02,180,150,10,100,1,180,0.1,20,20,0.02,430,10,0,1,1,"normal_collection",20,20,40,60,0,0,0,0,0,0,0,0,0,"none","none","none","none","none","none","none","none","none","none","none","none",2.50,430
"/isilon/users/admin45/admin45/190619_BL45XU",1,"helical","051",12,"hk_MA_H117L044_EpC_MTA",1,20,20,50,50,0.02,180,250,10,100,1,180,0.1,20,20,0.02,430,10,0,1,1,"normal_collection",20,20,40,60,0,0,0,0,0,0,0,0,0,"none","none","none","none","none","none","none","none","none","none","none","none",2.50,430
"/isilon/users/admin45/admin45/190619_BL45XU",1,"helical","2353",3,"SN_CMT_L25_1",1,20,20,50,50,0.02,180,100,10,100,1,180,0.1,20,20,0.02,220,10,0,1,1,"normal_collection",20,20,40,60,0,0,0,0,0,0,0,0,0,"none","none","none","none","none","none","none","none","none","none","none","none",1.50,220
"/isilon/users/admin45/admin45/190619_BL45XU",1,"helical","2353",4,"SN_CMT_L25_2",1,20,20,50,50,0.02,180,300,10,100,1,180,0.1,20,20,0.02,220,10,0,1,1,"normal_collection",20,20,40,60,0,0,0,0,0,0,0,0,0,"none","none","none","none","none","none","none","none","none","none","none","none",1.50,220
"/isilon/users/admin45/admin45/190619_BL45XU",1,"helical","2353",5,"SN_CMT_L25_3",1,20,20,50,50,0.02,180,200,10,100,1,180,0.1,20,20,0.02,220,10,0,1,1,"normal_collection",20,20,40,60,0,0,0,0,0,0,0,0,0,"none","none","none","none","none","none","none","none","none","none","none","none",1.50,220
